{"cameraMode":{"drawMode":0,"name":"Shaded","section":"Shading Mode"},"sceneLighting":true,"audioPlay":false,"sceneViewState":{"m_AlwaysRefresh":false,"showFog":true,"showSkybox":true,"showFlares":true,"showImageEffects":true,"showParticleSystems":true,"showVisualEffectGraphs":true,"m_FxEnabled":true},"in2DMode":false,"pivot":{"x":-4.431524276733398,"y":0.04063713550567627,"z":11.256217002868653},"rotation":{"x":-0.41958364844322207,"y":0.2393590360879898,"z":-0.11571751534938812,"w":-0.8679189682006836},"size":21.45459747314453,"orthographic":false}